Mixture,B cells naive,B cells memory,Plasma cells,T cells CD8,T cells CD4 naive,T cells CD4 memory resting,T cells CD4 memory activated,T cells follicular helper,T cells regulatory (Tregs),T cells gamma delta,NK cells resting,NK cells activated,Monocytes,Macrophages M0,Macrophages M1,Macrophages M2,Dendritic cells resting,Dendritic cells activated,Mast cells resting,Mast cells activated,Eosinophils,Neutrophils,P-value,Correlation,RMSE,Absolute score (sig.score)
TCGA-A1-A0SK-01A,0.0478019671202279,0,0.0189203906675476,0.0612994672417127,0,0.0753312737575556,0,0.0607937969326717,0.0414637650610218,0,0,0.019980464667652,0,0.312881338105153,0.0685246022284727,0.107093583042459,0,0,0.0105142400666154,0,0.000208615444855035,0,0,0.450567540270008,0.894909535549577,0.824813504335945
TCGA-A1-A0SO-01A,0.0580713111061084,0,0.0362995895795854,0.0549152429366183,0,0.125767985080002,0.0186845242572175,0.0507995567022126,0.0147983715327559,0.000416573774180917,0.0159561494933166,0,0.00374568982253298,0.140828333253976,0.0984201623173376,0.0968321205826898,0.0095083888644504,0,0,0.0123248001249468,0.000965463419946266,0,0,0.653192864000325,0.782193524187605,0.738334262847877
TCGA-A1-A0SP-01A,0.0535677244099908,0,0.0752729650417563,0.0834767049004018,0,0.193312757072661,0.0185775528196117,0.0403333120842932,0.066796225278618,0,0,0.0530567045688331,0.0112075315372804,0.327774716770032,0.111907524040191,0.151169832805993,0.156610316795135,0.0230104252370938,0.0332346885864296,0,0.0313738817904031,0.0143001780190044,0,0.731868373119069,0.742394600025624,1.44498304175773
TCGA-A2-A04P-01A,0.0620459503016294,0.0353488728399223,0.0407496005594576,0.0557310082297618,0,0.109309885142734,0.00987809614775957,0.113503600627854,0.0515304070907964,0.000485773703697457,0,0.030880574508909,0.0177248528606155,0.0524502833369763,0.126303569588727,0.0907659992915299,0,0.0438307437896331,0.0366192533465448,0,0.00451842022847112,0.000115798399368535,0,0.772358003853362,0.713944639533562,0.881792689994388
TCGA-A2-A04Q-01A,0.0482653279098687,0.0416324940680681,0.157886148659031,0.432546882088714,0,0.0446946816408838,0.107759387904206,0.1489994897372,0.162004076086442,0,0,0.0698289758806381,0.0154475569011443,0.379737344693717,0.212258210009173,0.232131930436291,0.0689964734005747,0.0390852536595604,0.0741565055584602,0,0,0.00563886903041261,0,0.736590274759394,0.743461779952942,2.24106960766438
TCGA-A2-A04T-01A,0.0667652041079216,0,0.0391948205714262,0.204868510513303,0,0.0982727224666105,0.112140621302142,0.117833362539455,0.0343678427800693,0.0455188520401104,0,0.0557431156748519,0,0.229299253743635,0.142751753954045,0.188058426973653,0.047231377953938,0.0156729697615232,0.00978969531814672,0,0.00134482173654989,0.00867068356131705,0,0.707488937636904,0.752364394699438,1.4175240349987
TCGA-A2-A0CM-01A,0.0521876670887559,0,0.07207355951918,0.229074071723955,0,0.261551483475433,0.122966159577975,0.173014321099961,0.0904168950097469,0.0732227258333521,0,0.0481978244692559,0.012376040201653,0.385952542206542,0.298884328068891,0.189371795493743,0.00282908660944602,0,0.0491061298205932,0,0,0,0,0.558677498182383,0.833039886117378,2.06122463019848
TCGA-A2-A0D0-01A,0.0590691254005799,0,0,0.158880543616539,0,0.169769842634079,0.0585226855759229,0.0982360145338214,0.0421422371846138,0.0753203564676827,0.00349300601687579,0.019563695452346,0,0.277108834943243,0.121626580075969,0.157178103878438,0.0178126623604189,0,0,0.00935660973899428,0,0.00532981493046091,0,0.531811359371678,0.847958750575511,1.27341011280998
TCGA-A2-A0D2-01A,0.0569725656610451,0,0.0415426424887688,0.170553246545495,0,0.158244175794153,0.0823188462584573,0.0489291397752942,0.0103127456583202,0,0.0554917728389833,0,0.00925094799301698,0.290346115401719,0.151235699712767,0.176208432132774,0.0361161299267544,0.0331150062423833,0.0511991222580087,0,0,0,0,0.846678677544074,0.663282065545263,1.37183658868794
TCGA-A2-A0ST-01A,0.0995813228208142,0.050106875994448,0.122143901537553,0.332063691969654,0,0.313480837924956,0.0611799787442214,0.268663217318914,0.0970061765292982,0.0895660773944259,0,0.0657242736662551,0,0.319616527067306,0.380759706880196,0.200817077463011,0.211425993409128,0.0574467351417968,0.10404717678446,0,0,0.0173811877143116,0,0.817507879506699,0.686995822602884,2.79101075836075
TCGA-A2-A0SX-01A,0.0711796942908739,0,0.144362968712956,0.201994418256386,0,0.410169562686406,0.0377850449609974,0.168368039229312,0.0856746269066467,0,0.000790568916094075,0.0073248150971058,0,0.44378785189519,0.20468975980123,0.181635319111028,0.0169676381609182,0.0123131093708497,0.0222796397241285,0,0,0,0,0.82321148254358,0.676611239508811,2.00932305712012
TCGA-A2-A0T0-01A,0.0459840323654383,0,0,0.0487554426825188,0,0.209156386270307,0.000519558332366377,0.0618389678612882,0.043255991124577,0,0.0200367635501598,0.014649559113777,0,0.28037169856937,0.119720781464783,0.124829497623257,0.000991479263963427,0,0,0.0368063009954194,0,0.00308755237591409,0,0.73497894199301,0.717394947301389,1.01000401159314
TCGA-A2-A0T2-01A,0.0467373981524044,0,0.00587912472020039,0.126297037348888,0,0.0776752886364202,0.0413126652875814,0.0653140590985129,0.0160321844027916,0.00980158728562888,0,0,0,0.136773131398768,0.10637057601827,0.125487355858508,0.00260776269195127,0,0.0197066927866667,0,0,0.0191199568483827,0,0.626204819528127,0.795853285572505,0.799114820534975
TCGA-A2-A0YM-01A,0.0263535933896171,0,0.00862752708660347,0.0492498910772242,0,0.239791256159291,0.00817207515750604,0.0910581004211489,0.0402499988464975,0,0.0167391983800009,0.0163638521024316,0.0222034877442181,0.748562101064189,0.141825420284969,0.176482812982391,0.00387237809696065,0.0944213079832969,0,0.0831508621461065,0,0.00688883218852894,0,0.864714405455138,0.583946271086222,1.77401269511098
TCGA-A2-A1G6-01A,0.0441027372420601,0,0.0704970608194714,0.186308941823761,0,0.184578637229352,0,0.0394489682237596,0.0388275417491477,0.0378145948944874,0,0.0278706960183425,0.0133073890486999,0.0435970625845728,0.0271179556838696,0.272538467640018,0.117848174228624,0.0170937778795442,0.161865695300473,0.0103383104834829,0,0.0121919033883075,0,0.588480620495516,0.831117721484107,1.30534791423797
TCGA-A2-A3XS-01A,0.115558260752066,0,0,0.137357218965204,0,0.190408888335698,0,0.0724058792835846,0.114890548350597,0,0,0.0581071698193937,0.0150556914363015,0.113443526299503,0.130774028313771,0.156111538710948,0.00931341400566973,0.00230166206742462,0.0715143955031292,0,0,0.00754092251974661,0,0.691092280081379,0.762830117089501,1.19478314436304
TCGA-A2-A3XT-01A,0.0138181971112639,0,0.016927105793985,0.0985507445225201,0,0.220059353728539,0.0377954850716608,0.05493046684865,0.0673975969976015,0.0211170762850271,0.0303981595353983,0,0,0.963480650679638,0.22641899190361,0.185468695828598,0.0634470603174465,0,0.048851200214297,0,0.00118762014882609,0,0,0.633875765692079,0.773950986660768,2.04984840498706
TCGA-A2-A3XU-01A,0.0184165097105723,0,0.0804763302559035,0.0352204853563554,0,0.0305607525321449,0,0.0615118901339795,0.0221369501251911,0.00358262580000005,0,0.00993677731924183,0.00498902206765416,0.123754595753853,0.0313502906342217,0.109383513862709,0.0163708565463319,0.00138932916793675,0.00387192029929519,0.0153464528647863,0.00600132056982351,0,0,0.417884415617113,0.907999671855178,0.574299623
TCGA-A2-A3XX-01A,0.107654268922598,0,0.122957662369686,0.0976664537531954,0,0.0454549851606826,0.0133120670277141,0.0872605963911865,0.0664783650852153,0,0.0132735755854171,0.00841427916819465,0,0.35854866118937,0.118451631225597,0.147300774301631,0,0,0.0561182302833183,0,0,0,0,0.653878181044924,0.783348794697415,1.2428915504638
TCGA-A2-A3XY-01A,0.0830108743795593,0,0.0546155792700172,0.0647745654043066,0,0.33242423458419,0.0241201925044732,0.165775363995831,0.115658202664436,0,0.0729584896814846,0,0.00837286448784184,0.428612902449004,0.301232462387993,0.203971790438576,0.0338910981896185,0,0.090343384199794,0,0,0.00948979947703909,0,0.796191512069528,0.687923350474106,1.98925180411417
TCGA-A7-A0CE-01A,0.0449539950668692,0,0.0334458718480686,0.0514230303501043,0,0.148701434727259,0.0397057542536095,0.0416773572805123,0.028443783147594,0,0.0362918349699164,0.000611536155990407,0.00396960160954181,0.233613387841492,0.105179108773337,0.119454573511459,0,0.0424197036892094,0.0546394306858143,0,0,0.00427842444408303,0,0.543074458257399,0.843835106028244,0.98880882835486
TCGA-A7-A0DA-01A,0.0463154885318063,0,0.00834968090840365,0.0573034714400358,0,0.0852642963738974,0.00973896403284631,0.0435036966432696,0.0464044064521991,0,0,0.00328537756816832,0,0.342032062318254,0.0750594110128222,0.164194911463253,0,0.00311289466676166,0.00183128257579744,0.0194298726273445,0,0.00288838879151841,0,0.676372989419531,0.748231334580453,0.908714205406377
TCGA-A7-A26F-01A,0.0258529386175135,0,0.032268148086265,0.0157229576112389,0,0.19242194164816,0.0278634259701392,0,0,0,0.0309287238017395,0,0.0168518924118461,0.117278408944028,0.072135158205904,0.0859761904693554,0.00337404324462166,0.0301749260093914,0.0282518942146704,0,0.01361832589882,0.0187352163648307,0,0.707186231157193,0.758748196006173,0.711454191498523
TCGA-A7-A26G-01A,0.0723919659070697,0,0.0540996821887055,0.0512845988295549,0,0.363476146311363,0.0519278149587016,0.0864767371756555,0,0.00168192043325001,0.0484829646479384,0,0.0066856361848906,0.152578534968437,0.201944222550164,0.176594365587445,0.060295057648467,0,0.109196312959843,0,0,0.00954017587559365,0,0.749955497442241,0.734557588642828,1.44665613622708
TCGA-A7-A26I-01A,0.0208319377110078,0,0.00381004017482372,0,0,0.0890056041314578,0.0111362732405296,0.0293105412806498,0.00979081491900181,0,0.0135307849023129,0,0.0129054136313559,0.181746367002548,0.0328381368641313,0.103756322723181,0.000944749797562002,0.0332891346504786,0.0297459208551906,0,0.00773874510753724,0.00167097876439244,0,0.652101450082023,0.774350685089518,0.582051765756161
TCGA-A7-A4SD-01A,0.0195090843896046,0,0.188679803018918,0.197570160153345,0,0.229185859341792,0.0454630846393527,0.0838772938536942,0.0684108890676652,0,0.0443249203371395,0.00558551201173352,0.0145297778868349,0.200365971801206,0.200997631211017,0.110215869413557,0,0.0474387811155041,0.0444582817034787,0,0,0.00326731672573556,0,0.76187623219708,0.722406267682497,1.50388023667058
TCGA-A7-A4SE-01A,0.0269255887439227,0,0.0137580764896738,0.0338869441630325,0,0.195508476952231,0.0128038683059876,0.0863854074409005,0.0490549586125387,0,0.0405936605698628,0,0,0.445724514612597,0.183218514622208,0.169437318123001,0.0291262390568149,0.0103943533483353,0.0226700325850718,0,0,9.40410788966775e-05,0,0.816963490603211,0.643694308398355,1.31958199470507
TCGA-A7-A5ZV-01A,0.015511673439301,0.0120376188830549,0.00173780455593473,0.0710946166991023,0,0.0999268818278892,0,0.0249965019655699,0.0293169321544483,0,0,0.0191960661478288,0.0711301129546453,0.282166135086472,0.0639485521943505,0.167774640918414,0.0174193684416968,0.0459950137188488,0.0405948867262585,0,0.00390010193326128,0.00843752519301502,0,0.536049713237336,0.844673318514463,0.975184432840092
TCGA-A7-A6VV-01A,0.0199452112626285,0.00844173996240897,0.0357444102079416,0.0472113467501828,0,0.187003374355493,0,0.056783982293283,0.0492791103030327,0,0.0256580954774422,0.00240235200158205,0,0.584861209064798,0.12242112802665,0.212785115010664,0.00572130067864097,0,0.0446771684632471,0,0,0.00218396955302625,0,0.890564787009392,0.565069307621427,1.40511951341102
TCGA-A7-A6VW-01A,0.00975359029517037,0.0350850822381411,0.0301931382128038,0.0279672299314346,0,0.152368207051677,0.00387422102353049,0.0610447943295057,0.0356234702945286,0,0.0152061879861136,0.0201894011956959,0.0488222778644166,0.320311488790405,0.124533120031262,0.128825498326076,0,0.0416962177298742,0,0.0194485950755328,0,0.0224896527333242,0,0.672908447795933,0.760055979388043,1.09743217310949
TCGA-A7-A6VY-01A,0.023936155707924,0,0.148908529793755,0.11305022505431,0,0.0946892243720171,0.0786508592702275,0.157696408739704,0.0437290749520005,0,0.0109990778091033,0.0180427408832593,0,0.438808908029041,0.192683895825007,0.218330421607569,0.040095936533753,0,0.0124045367104688,0.0111492358464948,0,0.0083846624738734,0,0.751268350194212,0.717489072276796,1.61155989360851
TCGA-A8-A07C-01A,0.0606979806505624,0,0.0815196018561414,0.136057557051558,0,0.178841193972902,0.0943019404696957,0.0969981859650912,0.0205483460157302,0.0133861677005359,0.0640611528484206,0,0,0.156343467532387,0.12227096092385,0.301079630672394,0,0.0372144408305492,0.0151766653348087,0,0,0.00375296915023434,0,0.654612875233344,0.789790889000861,1.38225026097486
TCGA-A8-A07O-01A,0.0193934638801311,0,0,0.110007517174092,0,0.230598384434389,0.032343695514599,0.0510261006649684,0.0471162419510617,0,0.0238714113918429,0.0101400231119362,0.00783038742828429,0.824570939066056,0.083754068923904,0.0852385826211731,0,0.0158073251080719,0,0.0506145701871733,0,0.00485583266330653,0,0.569699175493369,0.822023002694038,1.59716854412099
TCGA-A8-A08R-01A,0.051714713099503,0,0.107207495168978,0.116351547858373,0,0.174710043928042,0.0820596143958353,0.106786758378497,0.0518841517705229,0.00925293281716977,0.0442845628359786,0.00564163472579931,0,0.611495529097672,0.250634505475079,0.251076460840601,0.00336025301371116,0,0.037564787661693,0,0,0,0,0.825317515256176,0.649917603066443,1.90402499106746
TCGA-A8-A09X-01A,0.0545759516484622,0,0.0656325062914139,0.153103499139417,0,0.198081656370009,0.0222158129015046,0.112570753563114,0.0628015577974917,0.0410292777171185,0,0.0225784404071125,0.0576690239044003,0.0982889486980448,0.159237347093645,0.260536196815688,0.00219049114224418,0.0149632899354662,0.109395102917216,0,0,0.000719736292205758,0,0.752923801684842,0.737234720957445,1.43558959263455
TCGA-AC-A2BK-01A,0.0631661616117559,0,0.0407693285860669,0.102360748919881,0,0.104002722706908,0.0192049218321647,0.0706759472574092,0.020784494092458,0.0313853567789055,0,0.00305551490774285,0.00688043954105488,0.0850477153084135,0.0976109365094339,0.157176431462163,0.0150299316248049,0.00699087858704134,0.0131304835092534,0,0.00390393668507115,0,0.02,0.256316349864169,0.981645346597233,0.841175949920528
TCGA-AC-A2QH-01A,0.0127419316950969,0.00519328856989531,0.0100574216707043,0,0,0.0528743185533847,0.0034384469853934,0.0238271859881462,0.00878098786255097,0.00750907243949631,0.00878463869437007,0,0,0.162375980118674,0.0139144106571659,0.114156964624569,0.00155352468496572,0.0129892357163003,0.0250316215081862,0,0.00203064367670646,0.00906879268317899,0,0.558520352094401,0.829793186687261,0.474328466128785
TCGA-AC-A2QJ-01A,0,0.0325887227876385,0.0102885085981292,0.101325644348437,0,0.112928299044756,0.0330090179497001,0.173372104296608,0.186354973268977,0.0424806715419763,0.0975248348793473,0,0.0448828555734321,1.03754299661595,0.151617971207897,1.58113812028115,0.0521211284012443,0,0.105180863321454,0,0,0,0,0.674199751509007,0.746211892182672,3.7623567121167
TCGA-AC-A6IW-01A,0.0255229606128757,0.0134656385264509,0.0266243297443869,0.247193615567428,0,0.075691434987054,0.064873325742411,0.211324320612655,0.13918244066674,0.0473838676266457,0,0.07539184200523,0.0731456145574282,0.124708933592094,0.330407572871184,0.300043303341285,0.258367788508319,0,0.0333299716511391,0,0,0,0,0.775323796329386,0.705109397061241,2.04665696061333
TCGA-AC-A7VC-01A,0.129378865399628,0,0.0122885178033546,0.00584298816782591,0,0.492403639541172,0.0356181483198767,0.170284199729723,0.0694269414578844,0,0.169510271677228,0.0197132903713461,0,1.2454292624646,0.121204030458714,0.548161272940304,0.152599793222004,0,0.135930454497123,0,0,0,0,0.697636200408346,0.736922228712513,3.30779167605079
TCGA-AN-A04D-01A,0.0417405813616867,0,0.0329155319005917,0.0307077702784343,0,0.0508588492250461,0.00933328228927558,0.0588217325169035,0.025180385064494,0.0084401678672847,0.0108312224500565,0.00699610616229558,0.0156977362155784,0.104056450381854,0.0446545455310431,0.145725934043457,0.00838557152949158,0.00682674543574457,0.0150401993168777,0.000721091396248995,0.0144392406802573,0,0,0.415994504488868,0.908575883011385,0.631373143646622
TCGA-AN-A0AL-01A,0.154671192812761,0,0.114549743234002,0.0705343242191521,0,0.228009472971631,0.025998173798607,0.0608886740423397,0.0335617535329868,0,0.0457008577500376,0,0,0.228588243449232,0.109413900582184,0.121532186633328,0,0.0361534398253527,0.0621554027330462,0,0,0,0,0.796503016235096,0.719662040122362,1.29175736558466
TCGA-AN-A0AR-01A,0.0106941230519059,0.0158419827747871,0,0.0367434418271355,0,0.137882288199612,0,0.0408944005859102,0.0233348011377847,0,0.00507193013598952,0.00689075511825483,0.0122610493340861,0.112163606063315,0.0494027056825026,0.106086901238726,0.0698785688670966,0.00128888628598935,0.0230757501038008,0,0.00149806154038443,0.000411829267520307,0,0.555063061908891,0.839410866423346,0.653421081214801
TCGA-AN-A0AT-01A,0.0676300724488807,0,0.0293250812712095,0.0949631447476421,0,0.183889309945664,0.0341816293111985,0.0780815629065508,0.0259225896106777,0.00601970362042853,0,0.0199982534181985,0,0.347775233117066,0.136529778421564,0.111211368376023,0.00506932988840944,0.000747872791547495,0.00173582899655849,0.00538373938019769,0,0.00125816241078185,0,0.775919388854027,0.690117210899278,1.1497226606626
TCGA-AN-A0G0-01A,0.0167487239353412,0,0.0333423836844026,0.0119717875117861,0,0.167460755065406,0.0215108764633425,0.0667880533969981,0.0467826646211216,0,0.0520448271859124,0.00372931255701153,0.00012847120405098,0.325267923843796,0.0936864282520542,0.160435602770582,0.00907743450770955,0,0.00666649482958192,0.0105052510849419,0,0.00133781059250257,0,0.639085452080113,0.78149390314569,1.02748480150654
TCGA-AN-A0XU-01A,0.0323075140166555,0,0.0774701338343494,0.128102427725273,0,0.128308014992033,0.0603751947848782,0.0888800841182083,0.0161662441816655,0,0.0204005886218149,0.0688424602196008,0,0.292345772858635,0.156709855985692,0.15302082892635,0.0802115632387806,0,0.0280589543793281,0,0,0.000486536006601521,0,0.753709036842211,0.720867960057059,1.33168617388987
TCGA-AO-A03U-01B,0.00498893969845623,0,0.0148135140011016,0.0789999403092064,0,0.368962908103447,0,0.00600713313347806,0.01223584798125,0,0.17337513273577,0.112350355017799,0.174226692918908,0.0671496488406691,0.0958450656129272,0.382142105156225,0.137162110908637,0,0.164979089153481,0,0,0,0,0.46894726760485,0.883020214892852,1.79323848357136
TCGA-AO-A0J2-01A,0.0771913628985428,0,0.0477379679602706,0.137040445368813,0,0.138791489107739,0.0633628974540583,0.105854035744874,0,0,0.0312502632887522,0.0845818834150416,0.0135958604565307,0.0934313410364284,0.144627492502674,0.14652069045623,0.0333506038049547,0.0127543246258747,0.0595428855228717,0,0,0,0,0.671538652649275,0.774945485399193,1.18963354364366
TCGA-AO-A0J4-01A,0.138203456190698,0,0.0134435795587341,0.160538054438809,0,0.340155312763194,0.0399404934069999,0.165998926593582,0.126939505544672,0,0.0318998903938355,0.0056022419265714,0,0.333068751266886,0.234483856105112,0.122027069949622,0.00286263969600865,0.00568394383980344,0.0169973972673486,0,0,0.00649646537456743,0,0.66879389350373,0.767075340117148,1.74434158431644
TCGA-AO-A0J6-01A,0.00995913088378535,0,0.0150593653498052,0.329211340308262,0,0.0116814165344906,0.119901969627074,0.137108259108951,0.0132746832645656,0.0170399931089673,0.0858682248749475,0.0529145987862756,0.00506612340076231,0.158199934774258,0.167954688770129,0.149850871441007,0,0.160485605228371,0.00898247211588514,0,0,0.00389169135954971,0,0.691325803981235,0.745108635645009,1.44645036893709
TCGA-AO-A124-01A,0.128490090400811,0,0.00794728943793653,0.0736522842745908,0,0.181508376463653,0.0134532916499698,0.0908899124639223,0.0274088924334494,0,0.0317323925788996,0.00675305090033693,0.0170436476239942,0.202706149838647,0.0945167224332819,0.0917861655048783,0,0.0645325610154804,0,0.0630188036640973,0,0.00626274518973919,0,0.449796488515798,0.892245724778766,1.10170237587369
TCGA-AO-A128-01A,0.045794390947178,0,0,0.959735488132663,0,0,0.391928285523482,0.295808488749667,0.0387894740556886,0.231385303475633,0,0.109870220414063,0,0.241132207194996,0.652763644868225,0.562503312700635,0.0294472123651282,0,0.202456557700998,0,0,0.0198548856319977,0,0.739662745887424,0.711657075097005,3.78146947176035
TCGA-AO-A129-01A,0.106107791300566,0,0.0706856070656115,0.150828433150002,0,0.244380765236226,0.0741004311039506,0.164896037506486,0.0689858633165888,0,0.0155823427984994,0.0302034104671228,0.0188929151113698,0.211967429761447,0.210895522859559,0.134421851300167,0.0155895213098115,0,0.0533511462704874,0,0,0,0,0.707084808401383,0.754286583614014,1.5708890685579
TCGA-AO-A12F-01A,0.0409189244072328,0,0.0242382777637234,0.0274944616540552,0,0.115745320520609,0.00792440498761602,0.0308016685908332,0.0131862076444457,0,0.0163113493640642,0.00506937505359721,0.0138666305518861,0.15027769590735,0.0088685205987921,0.193482485366734,0.00971737095485581,0.0439323351607566,0.0697850196540666,0,0.003565227214696,0.0109173312193759,0,0.451837768063006,0.891790895677421,0.786102606614689
TCGA-AO-A1KR-01A,0.0155147610168268,0,0.039583656939543,0.146613755441142,0,0.0522714522635707,0.0179510554099671,0.0968245373845161,0.0675140385197783,0.000473114136118584,0,0.0466546312092564,0.00570531002836257,0.0712428214997219,0.115501670533934,0.0634657205361438,0.00623624731425543,0.0201096217733622,0.0218329523169024,0,0.00505484944622998,0,0,0.455981988047856,0.889584817688352,0.792550195769632
TCGA-AQ-A04J-01A,0.209883483681747,0,0.0512983982113408,0.162225724667552,0.0291748872675503,0.350091742974269,0.111399767652463,0.0243008152975071,0,0,0.0431005032362105,0,0.0173783196212045,0.187175419843786,0.127463312607504,0.164406694126744,0.0340755210761337,0.0608237654359927,0.0550561730394006,0,0,0.00820208590783149,0,0.705540999041158,0.766098469631572,1.63605661464724
TCGA-AQ-A54N-01A,0.0231987868820647,0,0.0135354097353009,0.100158339536172,0,0.102038793870174,0.0148807289505185,0.0816567167082679,0.0471040115911222,0,0,0.00870751644165008,0.01971773699538,0.0782628399244574,0.071893975802702,0.121362548528184,0.00165573548749059,0.011008218340854,0.0298451546851155,0,0.00042553343058039,0.00310879870503823,0,0.398250692434982,0.917244880923714,0.728560845615073
TCGA-AR-A0TS-01A,0.342293523165012,0.0156753890376201,0.0601731261332967,0.182352915064992,0.0297950976336628,0.504633003577317,0.0816168913377353,0.132959767834352,0.0583520731482287,0,0.0529820929115052,0,0.0366247418381725,0.215306203351839,0.224980333816206,0.307161743978931,0,0.00414770064604772,0.0750008281349907,0,0,0.00742320121796425,0,0.807865718052719,0.703172759371619,2.33147863282787
TCGA-AR-A0U4-01A,0.00161670780019606,0,0.0070914081552625,0.0714123879531107,0,0.215416466713674,0.0923350246882455,0.064756362202878,0.0324123690803455,0,0.0862096467481644,0,0.0698927811097591,1.30166665400232,0.467524231343567,0.244965287833521,0.0874768357625611,0,0,0.0178994286955464,0,0.0315676628518915,0,0.806234168591833,0.617015015813688,2.79224325494104
TCGA-AR-A1AI-01A,0.0243703930769167,0,0.145607742361827,0.180002772990773,0,0.2470740720566,0.140699324545031,0.0828584409942438,0.018731829208629,0.0209639568211843,0.0242446430390765,0,0.015759094166029,0.298171493908662,0.123234194884441,0.205409149499762,0.0292039585305468,0.0354667449726495,0.0267878697243885,0,0,0.00560345673832211,0,0.744315616460722,0.74280978868532,1.62418913751908
TCGA-AR-A1AQ-01A,0.0439973835165035,0,0.15644291137566,0.199975326628519,0,0.0803359343456532,0.147040513247059,0.116724485681455,0.0290845893616311,0,0.0366088784943809,0,0,0.236120314970334,0.180183671046894,0.205644533098453,0.043378098932261,0.0114030924111749,0.0463314227541154,0,0,0,0,0.823232615801969,0.698785167818688,1.53327115586409
TCGA-AR-A1AR-01A,0.0696873586181855,0,0,0.0821751644698126,0,0.413373127652992,0.0951983201294336,0.0499407376823981,0.011793434222518,0.0519508465391115,0.00790739697717981,0,0.0306923778574664,0.473622916287013,0.190038236717625,0.35949127568389,0.032906538188326,0.0330424442308889,0.0689376858490535,0,0,0,0,0.860021633450185,0.641289431836591,1.97075786110589
TCGA-AR-A1AY-01A,0.00760007698649649,0.000156218639237777,0.00506755619502758,0.0363152369742695,0,0.128780382129593,0,0.0201513294019479,0.0108178761331685,0,0,0.023076727453242,0,0.555784776754023,0.101199282213136,0.0952127511580981,0,0,0.0409079855220807,0.00673670416121871,0,0.000880231770408208,0,0.804392400705822,0.616580830513185,1.03268713549195
TCGA-AR-A256-01A,0.0477939347759958,0,0.00109977703528303,0.0337522042880863,0,0.154865085498079,0.00309182005840355,0.064622834345573,0.0285110890437837,0,0.0412808701640628,0,0.0355904268892923,0.315822321974161,0.0617737724738673,0.109043440153666,0.0330615116232941,0.118842819522981,0,0.0228362441635775,0.00124343417630131,6.85406964929793e-05,0,0.804686513164947,0.671987704293813,1.0733001268829
TCGA-AR-A2LH-01A,0.128203017398421,0,0.0800965370860099,0.264263830352523,0,0.370509056258679,0.0251982917256365,0.0839809708833167,0.0615115171257041,0,0,0.051216358805749,0.0725275552039459,0.00998146398581161,0.16733241341998,0.299885783121223,0.067121704494834,0.0617485009051404,0.159658223168388,0,0,0.00154388975826652,0,0.77345931388163,0.729224824338384,1.90477911369363
TCGA-AR-A2LR-01A,0.0770188006643339,0,0,0.04143641067597,0,0.19309482398216,0,0.0477788059795339,0.0185917709785564,0,0.00649845458685536,0.00826042211396413,0.0227178186241307,0.146698432560233,0.109487829125556,0.294836275096715,0.00922823414734307,0,0.087037683013561,0,0.0083208458996322,0.0105332867300538,0,0.688701805959604,0.764848094169582,1.0815398941786
TCGA-AR-A5QQ-01A,0.123122621602181,0,0.113504636545802,0.252425557241105,0,0.259081627783361,0.184118265772292,0.0447624035070738,0.0703797477136512,0,0.0670359079180373,0,0.00542922198879813,0.334248139793148,0.239089693345989,0.254688940159527,0.123598928255197,0,0.00982901241843338,0.00503212672887697,0,0.0189857714375703,0,0.725649988340869,0.749407073939149,2.10533260221104
TCGA-B6-A3ZX-01A,0.457484762334961,0.0269043617023381,0.135003605477755,0.396390386508852,0.0451516891109041,0.308669020190905,0.0486886325503658,0.256677934784049,0.233677771562855,0,0,0,0,0.256576767613497,0.1568107122551,0.166280062569097,0,0.0258682771515251,0.0369956278215514,0,0,0,0,0.813143587636983,0.690756440578662,2.55117961163376
TCGA-B6-A400-01A,0.0478937172068852,0,0,0.0542792743609814,0,0.225200861479462,0.0162119057300093,0.0927623433766448,0.0842613066411001,0,0.0263060519517979,0,0,0.56226415816466,0.102976358000453,0.153504316729445,0.208864875479252,0.147888083247985,0.0125613116786722,0,0,0.00161341170600114,0,0.765242683446263,0.693246229563558,1.73658797575335
TCGA-B6-A402-01A,0.0122331299932105,5.68961458509946e-05,0.0136729370564988,0.0377867725236727,0,0.0432527786460875,0,0.0297855466849788,0.0307332798091758,0,0.0114219702617914,0.0055575483777782,0,0.422477330299445,0.0630587808462082,0.111932890428773,0,0,0,0.0178156315318895,0,0,0,0.642462909092267,0.765734046358204,0.79978549260536
TCGA-B6-A409-01A,0.0377962351034561,0,0.032492914218839,0.0486727878739848,0,0.212677212816662,0,0.0390827783491278,0.0562179616727433,0,0.0046091918460678,0.0107490680108941,0.00768778967967652,0.110144985961197,0.142061095848897,0.121554696400703,0.0128725006667185,0.00871818601262308,0.0562686022591369,0,0,0.0156027115375935,0,0.441861067798723,0.896278108658521,0.91720871825832
TCGA-BH-A0AV-01A,0.0161666309459081,0.00035989242585434,0.0316115887545064,0.0390908672455033,0,0.187475358273639,0.0231138751129227,0.0263857003619683,0.0213207001487055,0.00580671866934024,0.0187314900581191,0,0,0.554637058928952,0.0499029651472499,0.195369290462506,0,0,0.0449813965544276,0,0,0.00256451796853325,0,0.844962212657729,0.599295490950808,1.21751805105813
TCGA-BH-A0B3-01A,7.07653553467009e-05,0.0121375634926936,0.195180184075801,0.106952199463312,0,0.0471515576920512,0.0643221027472822,0.0717291177453262,0.0833399637791388,0,0.00621962572548165,0.00822519202461421,0.0303828034825307,0.216085241166357,0.205760174606927,0.165845131823121,0.0464207223211548,0,0.034676525718858,0,0.000346380778110359,0.000412541180522786,0,0.761771571924206,0.723710216888962,1.29525779317863
TCGA-BH-A0B9-01A,0.0512425705692085,0.00955154072816594,0.0239527883277894,0.318667830130789,0,0.0728482695769916,0.106059339180296,0.159897783746448,0.114178368923121,0.0547119470421041,0,0.0261139872186108,0.0127191398560823,0.217797829332235,0.250457535985829,0.191780398038813,0.123650349070906,0,0.0622521568423146,0,0,0.00128466848711981,0,0.718054288142343,0.744172258507194,1.79716650305682
TCGA-BH-A0BG-01A,0.100466070443751,0,0.0261210946867075,0.263964057566358,0,0.259826636905504,0.0977074240090045,0.138047263029477,0.093766394658465,0.0231486475711637,0,0.0577682161963217,0.0184429214536175,0.167350649960979,0.307475935235623,0.168747501644283,0.00827350686831346,0.0625510947920996,0.0628214000775138,0,0,0,0,0.652136957416826,0.775276933224125,1.85647881509918
TCGA-BH-A0BL-01A,0.15218294211213,0,0.0140145666770837,0.111159756655305,0,0.399846585698262,0.110217379731009,0.131417894257412,0.0368964456704822,0.0197424453588634,0.0168294796707666,0.0155061568810878,0.0286448706404136,0.139817465644515,0.294278622153322,0.237811187923959,0.136298978741943,0,0.0865187696394788,0,0,0.00509242267182644,0,0.748661178448983,0.730693124837758,1.93627597012786
TCGA-BH-A0BW-01A,0.107306852875973,0,0.112498972118452,0.117175390005629,0,0.438830119328517,0.212976846721536,0.212435966222068,0.0225384482890022,0,0.154801669827378,0.020683297073759,0.135233672941913,0.261912895945073,0.566315291423731,0.410710829537956,0,0.0341732425242866,0.0764674364346355,0,0,0,0,0.559017601749979,0.832040911126061,2.88406093126991
TCGA-BH-A0E0-01A,0.025179343650588,0,0.0084635289293942,0.0318592214601004,0,0.117834500921221,0.00650183319733545,0.0627466982092953,0.0747221433469282,0,0,0.0160378353223531,0.00366980709799347,0.0724869545351581,0.0382749228286971,0.0883821152078078,0.155274594678882,0.0558812162324813,0.0376996250410391,0,0.00635086750021007,0.00712237834745228,0,0.614184657043622,0.814952156430128,0.808487586506936
TCGA-BH-A0E6-01A,0.0697914234912929,0.00981523151428823,0.0936398531223966,0.125238489020259,0,0.0695525185079694,0.0129005067427072,0.0441260996881105,0.105851485415943,0,0,0.034094296252669,0.00921496804505274,0.216187390634725,0.0859283840979223,0.0957000063209359,0.00369043521118527,0,0.0285991509674046,0,0,0,0,0.515436634816133,0.860896245249185,1.00433023903286
TCGA-BH-A0RX-01A,0.0592441981538171,0.0170809547271725,0.0704623875124761,0.334412787141572,0,0.221173912363633,0.0711439149399137,0.100299792150445,0.0599707992531698,0.0137117503217512,0,0.109596192609581,0.0422106936532875,0.25013714292532,0.28996938599359,0.166278053350162,0.0389567094891622,0.0330421465915181,0.0792148239039378,0,0,0.000419171012742711,0,0.627607380760558,0.793536980100821,1.95732481609325
TCGA-BH-A0WA-01A,0.0386245700569829,0,0.00585638482408252,0.0730801216501046,0,0.265653254147497,0.0462103640807435,0.0701985321705001,0.0340511003577594,0,0.0178059729798312,0.00271960708964632,0,0.42445863682538,0.216174192558183,0.168090623961276,0.0196529648830812,0,0.039267376859563,0,0,0,0,0.768726305343917,0.687536705327803,1.42184370244463
TCGA-BH-A18G-01A,0.0106908982610164,0,0,0.0577889773520195,0,0.145246902840435,0.0488732837460259,0.0233303395457448,0.0176247055569232,0,0.0462847754312197,0.00438996959325021,0.0975964397429914,0.0512889088497844,0.0755041496272879,0.158254435629061,0,0.0368961074965343,0.0216963580046015,0,0.00305968251628496,0,0,0.339521018300556,0.944195043781827,0.79852593419318
TCGA-BH-A18V-01A,0.0350168180065111,0,0.0113680737101763,0.0333252568716235,0,0.281484093682018,0.0509343857364013,0.0764327183026198,0.0130674322336062,0,0.0352784318987921,0.0187386333773652,0,0.612147110983476,0.185431405378793,0.274117259754187,0.0118078432813934,0.0118423940786237,0.0496856223246565,0,0,0.0126415102064032,0,0.842252963241985,0.621638471551178,1.71331898982665
TCGA-BH-A1EW-01A,0.108561513120414,0,0.0379629163489466,0.0875821150399846,0,0.362404587682699,0.110010443964335,0,0.0254975127416659,0.0186014258102932,0.00962660968020172,0,0.0491071867283384,0.0725106465400029,0.151567819912391,0.146736436791646,0.019548200533348,0.0233044796602653,0.200899779211229,0,0,0.0197837417626839,0,0.750076860297589,0.745390121889009,1.44370541552845
TCGA-BH-A1F6-01A,0.0663792506944131,0,0.119017640780997,0.169270123074107,0,0.161223702773822,0.0707719593483392,0.0642788566871746,0.0348596964595597,0.00321916691400504,0,0.00947315192926395,0.00769897058313809,0.293865214245162,0.164378280803615,0.280849501367232,0,0.0034973080859519,0.019194691998095,0.0209832137558657,0,0.0187638775491428,0,0.711873752560422,0.751826264373696,1.50772460704988
TCGA-BH-A1FC-01A,0.0148314487280017,0,0.213395825803352,0.277124748968249,0,0.109892029228003,0.103159917155546,0.0706165700920498,0.062940234406937,0,0,0.0702518485383594,0.0342030651194317,0.0988529786570491,0.156344522356257,0.119617427958519,0.0517178856733949,0,0.00268348832484482,0.00190549008755419,0,0.00299315014381313,0,0.582534354757897,0.826726218612581,1.39053063124136
TCGA-BH-A42U-01A,0.0950507138948488,0.0418072803184335,0.0774449196949698,0.191488720152567,0,0.269953300230903,0,0.0701772970493846,0.0742498439362713,0,0,0.0924834238737249,0.0135955898048395,0.221960348893699,0.130182509720968,0.174503161799555,0.0150346912017758,0,0.0295809425695576,0.040466360377892,0,0,0,0.661397967379852,0.781888730049327,1.53797910351939
TCGA-C8-A12V-01A,0.0325350096232781,0.0596660868605375,0.122906952593967,0.661358322603091,0,0.0842505651947488,0.191576078801543,0.233343843519093,0.0932487809082043,0.0166120150171323,0,0.0789747396801331,0,0.361647686396327,0.535362990782982,0.314590271915724,0.122850126611941,0.0155321785589863,0.0636639825585513,0,0,0,0,0.850914102255121,0.638528797394943,2.98811963162624
TCGA-C8-A131-01A,0.0178137350486479,0,0.0345456527511005,0.046764224965006,0,0.163881321549387,0.0177533476507566,0.0501459753218977,0.0176462644401059,0.0232738611921293,0.00271507552153354,0.000767701200709211,0.0041183745559184,0.363746028997025,0.0568614782911015,0.12923732626858,0,0,0.0149492664614493,0.00319128428260733,0,0.00588338534257979,0,0.75857453736917,0.692725243773545,0.953294303840536
TCGA-C8-A1HJ-01A,0.0399472540905104,0,0.0157558366458762,0.0483110214508937,0,0.162474389514741,0.0418573717684906,0.0796507154922361,0,0.0495211087216998,0.0214288999040072,0,0,0.0916681299970872,0.142450524578798,0.0677185148164192,0.00376390622241923,0.0268351502486528,0.0140308419423532,0,0.0041611186740462,0,0,0.652555188548416,0.77329291242831,0.809574784068231
TCGA-C8-A26X-01A,0.0210465266907636,0,0.206714861417685,0.129661030891632,0,0.0783585530465684,0.0726796379364871,0.0493415853923459,0.0185676469806212,0.021386402165339,0.065341011109221,0,0,0.249676006345934,0.15214030459951,0.209613863225065,0.0185019852832713,0,0.0388452352842066,0,0,0,0,0.813285032444297,0.700301044443531,1.33187465036865
TCGA-C8-A26Y-01A,0.0607072476715479,0,0,0.0480264226815453,0,0.0849038412800112,0,0.117037525372997,0.0538462454353674,0.00925655981768396,0.0147558737662457,0,0,0.346289528092766,0.091066641392487,0.128182223592108,0.00432540968079722,0,0,0.0208860395809914,0.00349681532065198,0,0,0.767931049100021,0.687425578620973,0.9827803736852
TCGA-C8-A27B-01A,0.0255384985998718,0,0.0527135532090117,0.266771431848193,0,0.16980435954905,0.118034809253546,0.0845928437968409,0.0184381205582395,0.0769029701173743,0.0247178986176869,0,0.00302162275245516,0.70158550793602,0.262013232352335,0.188059919451731,0.0397675615064611,0,0.00908170429881471,0,0,0.00532259037802028,0,0.709817573639961,0.728118874095525,2.04636662422565
TCGA-C8-A3M7-01A,0.0802214197907184,0,0.157950911706866,0.0675796753516654,0,0.186687263719133,0,0.0194635093734477,0,0.0149769469391236,0,0.0401827722723535,0.00568935360112782,0.0573848503550768,0.110917855285429,0.107999224585517,0.0204424613360436,0,0.194706719594961,0,0,0,0,0.625929099710318,0.813982303940887,1.06420296391146
TCGA-D8-A13Z-01A,0.0658135528651332,0,0.0251570535098388,0.0645894059007509,0,0.18191552766451,0.0478379493024697,0.0882757936417377,0.0504288253146735,0,0.031146193823875,0.00335667812996683,0,0.407642581974497,0.150738609465929,0.309380964358155,0.024218202680049,0.0424053219326932,0.0510551689058613,0,0,0.0125284775289347,0,0.876106819159593,0.624257610488572,1.55649030699907
TCGA-D8-A142-01A,0.0356620949481441,0,0.174967808650536,0.0277334679631856,0,0.144697832927319,0.0260376219804445,0.052224715416808,0.0257017959116157,0.00786977192091739,0.0302761141835382,0,0,0.250361542975983,0.118323655373399,0.158575206671897,0.0317257189751658,0,0.0335562828090955,0,0,0.00496318462271779,0,0.762870984539419,0.730018220114104,1.12267681533077
TCGA-D8-A143-01A,0.10392371077511,0,0.101357318030656,0.0673846103546182,0,0.201990530421328,0.0220816022311657,0.0792996196425767,0.000894466303999725,0.026098290412376,0,0.0201158582594993,0,0.218430330043531,0.120237676077194,0.155273943594869,0.0178837580873478,0,0.0321828504399897,0,0,0.00525495467230218,0,0.695480292292541,0.767843827739336,1.17240951934656
TCGA-D8-A147-01A,0.0774873433251566,0,0.00203818128459874,0.0867960528686789,0,0.454445449112233,0.0136241676498382,0.111679391146083,0.0241489526699716,0,0.0272386627925799,0,0.00650014562807889,0.359579938393494,0.13477887508387,0.205647208384264,0.00932098820345648,0.0833862748788257,0.0279002887419544,0,0,4.95416785407767e-05,0,0.702916050919528,0.747536559261219,1.62462146184163
TCGA-D8-A1JF-01A,0.0297202541523779,0,0.0518963261258677,0.0443069222837552,0,0.197687832668852,0.01712206598363,0.0254129550794482,0.0186053873591208,0.0223874895811822,0.021415635257417,0,0,0.132803328009154,0.0840691843111358,0.167679225229596,0.0194401611637564,0,0.0428960178304365,0,0,0.00440035735418911,0,0.690356893913013,0.769715145956069,0.879843142389918
TCGA-D8-A1JG-01B,0.0513288675259817,0,0.245600170081559,0.084444934502207,0,0.238652822936878,0.0586489225924646,0.0360555089487783,0.0352239882601107,0,0.00820014534271731,0.0254659172769543,0.0197840072767975,0.172467124449605,0.137352087188786,0.197817894997163,0.0406166626342554,0.00898627627779344,0.0542427743096062,0,0,0.00192145164774804,0,0.728529420160362,0.766824792599231,1.41680955624941
TCGA-D8-A1JL-01A,0.0767572762406505,0,0.0180773676712228,0.138411061112782,0,0.406788341440438,0.128416324566042,0.18277473274289,0.0256950975945041,0.0121662849185198,0.0862961482840193,0,0,0.521281746095643,0.259672864302534,0.30384203039317,0,0.0391207752168559,0.0513367416285213,0,0,0.00122317027540696,0,0.808482685066072,0.678256258674554,2.2518599624832
TCGA-D8-A1XK-01A,0.0544540165305255,0,0.0662401349343859,0.140492024443386,0,0.277425880772787,0.131252370708496,0.0521294081908447,0,0,0.117351961068026,0,0.0116615497652265,0.668416256742379,0.169615122347719,0.204320711078779,0.0162926865543779,0.0172848266790059,0,0.018978905865936,0,0.00636206677077277,0,0.380286031604642,0.931831648713721,1.95227792245265
TCGA-D8-A1XQ-01A,0.00919014562045553,0,0.205063625761775,0.122322562257337,0,0.203794797884008,0.0469021748403094,0.0807646467021503,0.0217735553390212,0,0,0.0216402234808562,0,0.360943709635811,0.224782623893647,0.322627723830725,0.0102382568411957,0,0,0.0109809615032071,0,0.0199263575892877,0,0.815833070650081,0.674246335078628,1.66095136517979
TCGA-D8-A27F-01A,0.0244880665147543,0,0.0197108552344045,0.041990682598873,0,0.208500188925255,0,0,0,0,0.0200901370492139,0,0,0.605658928577733,0.0657863916992656,0.185106256883753,0,0,0.00200045180697776,0.0431305146815771,0,0.00319246273641226,0,0.786451664033068,0.63975262047711,1.21965493670822
TCGA-D8-A27H-01A,0.0586310647712065,0,0.026802678162132,0.0420218872941484,0,0.195182351567522,0,0.0425139678237549,0.0352666784911514,0,0.00652959717685297,0.00187637007688166,0.000724421614728117,0.23271442645546,0.103952946464072,0.167821927231573,0.00691760401268656,0,0.0760396720015974,0,0,0.00830129683361226,0,0.509384191203863,0.861557698296687,1.00529688997738
TCGA-D8-A27M-01A,0.10143134190872,0.0665352944753887,0.131398501867005,0.145320581636625,0,0.43936728870495,0.0748381679677794,0.147402621182483,0.0468334619958619,0,0.0321749467350273,0.0324750906217578,0.0146715060050589,0.198921243272291,0.315129942028784,0.292063329846253,0.0637736909955652,0,0.134762891532375,0,0,0.0176847763011274,0,0.669420348536121,0.782014203315373,2.25478467707705
TCGA-E2-A14N-01A,0.0553054614042828,0,0,0.0808216290624847,0,0.378998298623738,0.0685896705512028,0.0761516408440454,0,0.0500769016387493,0,0,0,0.105680621627898,0.256238139154244,0.107901348077935,0.0100608273454839,0.0328572417823371,9.78645928809565e-05,0.00911383763130464,0,0.00190997361326574,0,0.676334774684652,0.749064865364868,1.23380345594985
TCGA-E2-A14R-01A,0.004802628521928,0.011354977539834,0.113647145381337,0.134045408960784,0,0.0622528898121267,0.0511783388418477,0.076373881939107,0.0709175067205949,0.00747071166689934,0,0.0100470149596996,0,0.416938660201433,0.180271102918188,0.115021124444678,0.0116454858955431,0.00127020135948278,0.0300211125045137,0,0,0,0,0.758998027002727,0.701570381259149,1.297258191668
TCGA-E2-A14X-01A,0.0664158579084613,0,0.197139614796046,0.105962665404949,0,0.259390769341059,0.0334945243383629,0.0954319250285786,0.0289440632743311,0.0202237802648268,0,0,0.00360757033261172,0.104880933644778,0.152137902213167,0.126688779863195,0.0158869942978769,0,0.0180562243928493,0,0,0,0,0.682999406362843,0.776784309121768,1.22826160510109
TCGA-E2-A150-01A,0.0299069677655685,0.0105372497072681,0,0.00219543251471127,0,0.317995085988215,0.0026640778995956,0.152166661294125,0.116076923649955,0,0.0790122208826363,0,0,0.452130063880629,0.23318197110558,0.155880459829547,0.0530187627356292,0,0.0148986111456261,0.00291803086340901,0,0.00470807898514228,0,0.616161069145442,0.795014367786147,1.62729059824764
TCGA-E2-A158-01A,0.0228485016873351,0,0.0174654216372177,0.0787475959274648,0,0.095697260270525,0.0189944135309974,0.0926848127800661,0.00209235211442229,0,0.0278358186407121,0,0.0126207605114755,0.108788312760039,0.11788503369397,0.0969815066679996,0.0349070539891547,0.00499815180436925,0.0277506960201046,0,0.00496588317668882,0,0,0.507017803462281,0.862480577195574,0.765263575212541
TCGA-E2-A159-01A,0.0815850075716564,0,0.115866749069327,0.262442222851359,0,0.215968798736347,0.149417858624556,0.0634145962918929,0.00843674736255244,0,0.0335885072394618,0,0,0.212064342919744,0.146132540494187,0.244493760701219,0.069815338838571,0.0190309076053803,0.0744244760927444,0,0,0.0152529805915626,0,0.716293303022454,0.764513654467953,1.71193483499056
TCGA-E2-A1AZ-01A,0.136056108088485,0,0.0396327819889635,0.083026233368244,0,0.498391083014595,0.108357274777999,0.131940601214535,0,0,0.0294062343237778,0,0.0354910301715208,0.146187142367305,0.257868766824997,0.13744899568267,0.0222606267500173,0.0329134510321787,0.0984911882615483,0,0,0,0,0.731208379685665,0.737272392499718,1.75747151786684
TCGA-E2-A1B6-01A,0.362987669138215,0.118575909332892,0,0.480164879201148,0.169701569876733,0.0345096260084482,0.241200594449528,0.193731585825899,0.298967676683195,0,0,0.0754317996838795,0.0170593522858613,0.338063102432188,0.372747235329064,0.139946036611188,0,0.0298361178859107,0.153442119475374,0,0,0.0112934016699295,0,0.676573482459033,0.770205296061337,3.03765867588945
TCGA-E2-A1L7-01A,0.0388014300987069,0,0.00596646784142698,0.287513745892702,0,0.418934282589435,0.0446738634398558,0.108847280931305,0.030785992687886,0,0,0.0264688224943579,0.00756122087604493,0.193571751365017,0.19565670928746,0.224045431788125,0.0733545504588974,0,0.0462301409788617,0,0,0,0,0.72640683157687,0.732738283117118,1.70241169073008
TCGA-E2-A1LG-01A,0.0319944196735355,0,0.0568397044379174,0.0413217612200032,0,0.143003468730372,0,0.108701818158979,0,0.0104430354076863,0,0.038933050627768,0,0.129531146410327,0.163551206621988,0.0974942222845546,0.0453006722493578,0,0.0409397123246775,0,0.000561870401194905,0.00231678728726966,0,0.650702587192228,0.779917893725831,0.91093287583563
TCGA-E2-A1LH-01A,0.0632567408914896,0,0.0751276108984922,0.202149852026477,0,0.0468081525801968,0.0948785650178417,0.144780473225421,0.069137271961161,0.0291130513957061,0,0.0477090637110145,0,0.202588271452181,0.223121196784209,0.194366284732069,0.0316132932076124,0,0.079825233765936,0,0,0.00842588433051526,0,0.690689066003893,0.76306367354901,1.51290094598032
TCGA-E2-A1LI-01A,0.0866463897558067,0,0.0676839123902057,0.06618972429461,0,0.249958972496689,0.035163176911036,0.0905861593713622,0.0539116849841281,0.032147674765313,0,0.0203562423539648,0.0325427350636404,0.357540343844782,0.24969790685926,0.141404463423166,0.00836054848783033,0,0,0.0462942696492172,0,0,0,0.360965150132598,0.939849439363833,1.53848420465101
TCGA-E2-A1LK-01A,0.0116368999067459,0.0031938818579852,0,0.0777555566376175,0,0.0559163219273259,0,0.0333519985337946,0.0412168836986584,0,0,0.039159794319978,0,0.434231288763571,0.0751927451244765,0.182191537941798,0.00557207515087514,0.0230365174810202,0,0.0507005442944843,0,0.00278669775507459,0,0.463717947480351,0.893159851766343,1.0359427433934
TCGA-E2-A1LL-01A,0.0228120902268169,0,0.0268725359579572,0.0298606701930799,0,0.135198643998842,0,0.0799447676305983,0,0,0.0164857264373712,0.0106565512053781,0.00689642679534777,0.124828259302816,0.0868595865361914,0.154445924004147,0.0533331571866541,0,0.0041114328376139,0.0341832853474789,0.00275655521899345,0.00488227510273063,0,0.591895074920012,0.818331412877413,0.794127887982017
TCGA-E2-A1LS-01A,0.0194115151836641,0.00244748188011778,0.0030260885299188,0.0473279805942347,0,0.0801806078336669,0.00375947469502343,0.062659474454021,0.00980162169865013,0.00159394089181076,0.0164104671186445,0,0.0191250793289195,0.0662198834888037,0.0871709139170769,0.0959478299640526,0.0156224105613757,0.00623588174486612,0.0137630651001264,0.0104767862779894,0.00485214710090043,0.00315544986394964,0.03,0.173245457177953,1.02506994390941,0.569188100227813
TCGA-E2-A573-01A,0.0489091775844789,0,0.147171935068092,0.166149250561803,0,0.159734707622556,0.0606975608096906,0.15707334468868,0.123399905372337,0,0.0276326711359181,0.0504965529873373,0,0.380421021323778,0.228334880261935,0.165770452402289,0.0252968904827883,0.0209587801815077,0.00621824794548301,0.00598146025168062,0,0.000952020363849126,0,0.792574914278701,0.695301154770683,1.7751988590442
TCGA-E2-A574-01A,0.0290011499220762,0,0.000343129451997022,0.0502599075238632,0,0.0673503410588302,0.00151377297788824,0.0320981578628441,0.02259326630775,0,0.0132288223364846,0,0.000349347726540314,0.222493756845568,0.0233800948215451,0.110947107728423,0.00305276888617135,0.0331403644375329,0.0125664430546336,0,0.00202367267496997,0,0,0.467964597500008,0.884599504944344,0.624342103617117
TCGA-E9-A5FL-01A,0.0156501869529146,0,0.00408933925351503,0.0423152689139417,0,0.124297006250144,0.0170923081362312,0.0216061525389933,0.0277543246438563,0,0.00609882340093664,0.0186936920061581,0.0255870175640411,0.0415858569136146,0.0388251131170412,0.258601425799805,0.0552434771158829,0.0379819544627638,0.0198387671308914,0.00484929713967575,0.00411052949103408,0.00560765127877627,0,0.570567117359574,0.83152174872246,0.769828192110217
TCGA-EW-A1OV-01A,0.161241611446818,0,0.07937824626025,0.396255272103168,0,0.167472506292186,0.0992454997268026,0.126835990939393,0.149986887439625,0.0720613082419275,0,0.0230820228178696,0.00353664741048986,0.323240385658701,0.211266290071618,0.22520926959189,0.0103519748300022,0,0.092741761348689,0,0,0,0,0.786830951827166,0.708458608769914,2.14190567417943
TCGA-EW-A1OW-01A,0.0597822833133506,0,0.0470826424093369,0.0349823056829229,0,0.20328157661168,0.0102494598967612,0.107276758419517,0.0477988784819482,0.0077231912747108,0.0170351216225381,0.00643850670702612,0,0.358438154244653,0.149181316016566,0.142094402200336,0.0521039381791023,0,0.00718036313031985,0.00584025495564969,0,0.0021671540637838,0,0.598636184443886,0.808757024020215,1.2586563072102
TCGA-EW-A1P1-01A,0.0622294840021167,0,0,0.145937035136705,0,0.389258079166679,0.0188073998119322,0.0670450355936792,0.0281517829090142,0.0486632178791008,0,0.028795915013151,0.0062433793501919,0.417185083440877,0.162824561269297,0.230989217787123,0.0378526209694199,0.00710067390166188,0.0701927449986137,0,0,0.00355038000976949,0,0.646235787864387,0.781832295825923,1.72482661123933
TCGA-EW-A1P4-01A,0.0289436563481372,0,0.0406330144592989,0.267640764763705,0,0.21805580889651,0.0659243263885217,0.0969786966190869,0.0746102786881778,0,0,0.192920817379424,0.0041576647630155,0.131974246467675,0.155127406345959,0.119311214961974,0.167980229674191,0.0146316712953311,0.0548848956535719,0,0.0175882917482589,0.0467148902620139,0,0.627019566906143,0.795497873710217,1.69807787471485
TCGA-EW-A1P7-01A,0.237646776483081,0.246311674697704,0.0783515296938702,0.343588300462883,0,0.467733821065484,0.0103461405556332,0.141405248262975,0.161492171559318,0,0,0.121439097380593,0.0057178121181749,0.294020273743797,0.210792502541906,0.149031322657482,0.0454641487482964,0,0.139531225123657,0,0,0.00927501049319415,0,0.743827020712119,0.737262672320212,2.66214705558805
TCGA-EW-A1P8-01A,0.0171859363378535,0,0.00739295044444203,0.0589800844287069,0,0.183617090647826,0,0.0800207678773198,0.0771079502077763,0,0,0.0417418850334424,0.0937859105907087,0.183165603842065,0.104807212108655,0.34332727762034,0.153333502805607,0,0,0.087328635397634,0.00340885447800935,0.00420127210220196,0,0.753845799903431,0.724682763310572,1.43940493392259
TCGA-EW-A1PB-01A,0.00643278156640876,0.00400098673022725,0.0163329619931162,0.453719054629644,0,0.110038405209881,0.217595984473123,0.167064541467828,0.0338398957696745,0.0294559082603622,0.0315085575763636,0.165494715703906,0,0.35622200525995,0.957919550585209,0.739094687591267,0.000914592993012266,0,0.0924929325408566,0,0,0.0119632075734978,0,0.623411296772687,0.782238235359549,3.39409076992433
TCGA-EW-A1PH-01A,0.0749094807669143,0,0.0476535820239036,0.0832883428475395,0,0.233677697117418,0.032152416144684,0.118713072538409,0.0194492719735103,0.00633870241845652,0.00153812688935485,0.0083910667752246,0.00585129493650011,0.19434285276835,0.144936323068701,0.1140392744987,0.020966452437498,0.0251434546471501,0.00727471215137684,0,0,0.00325769757284011,0,0.506701771239313,0.862829112897146,1.14192382157653
TCGA-EW-A3U0-01A,0.127546601206662,0.00801729374922133,0.0613577263716054,0.391439811852151,0,0.107736214878506,0.197398201056815,0.18438898959552,0.122285871703153,0,0.0233761005737202,0.0406035534452777,0.0411831588941863,0.341770200191723,0.261071651319757,0.26860852478565,0.0811119072430113,0.0141475912053073,0.108636893388914,0,0,0.00027988491396023,0,0.800489311345471,0.706788371999505,2.38096017637514
TCGA-EW-A6SB-01A,0.00246156478113642,0.0446987780420436,0.308344303923403,0.101475423246192,0,0.116681081241682,0.0564824235384488,0.18904423068183,0.0994451927998431,0.0935736051748466,0,0.0586113378638238,0,0.162434543199694,0.149041618031882,0.0766738142137296,0.120399149759583,0,0,0.0247361256346459,0,0.000158200056308711,0,0.581541748498664,0.833861868196603,1.60426139218909
TCGA-GI-A2C9-01A,0.00682611190218254,0.0127819532905363,0.00243287861121278,0.0604075509890123,0,0.182315898859384,0,0.0622253854443315,0.0321781963496099,0,0,0.0398347606530401,0.0101064030198361,0.204235182836979,0.0725025118480902,0.279265143223185,0.123160142620024,0.0775121996796223,0.0971135175006781,0.00503004397689963,0,0.00427402171924151,0,0.636810666376746,0.794625798299215,1.27220190252387
TCGA-GM-A2DB-01A,0.0824823116344833,0.0314307403017189,0.0448957027600941,0.0849549200204708,0,0.10903327044065,0.012415119021565,0.0368294254307525,0.0616761872547465,0,0.0353562478079081,0.00947782387636136,0,0.213129038340075,0.123725306954279,0.0979674339360646,0.00408503372876703,0.0177716384508599,0.0272753833952516,0,0,0,0,0.760988430235049,0.71885647238188,0.992505583354047
TCGA-GM-A2DD-01A,0.0850366426245669,0,0,0.23946233556999,0,0.327015332494191,0.0849566833642568,0.0502610648003336,0.0465675848035499,0.0294257392936937,0,0.0445359513342436,0.0101473298010046,0.181393724171337,0.222816009323171,0.257014578709975,0.0609875230405198,0.0573899650418653,0.109988168755756,0,0,0.00110466415567615,0,0.600953941483278,0.81276293639581,1.80810329728413
TCGA-GM-A2DF-01A,0.0503004408037931,0,0.12129249130298,0.0629036548287485,0,0.132706887647079,0,0.113139686880094,0.0470856192654266,0,0,0.0568245934817158,0.00144569406677523,0.242020389846833,0.112364173315689,0.129674751030744,0.011783386941499,0,0,0.0106469250056449,0.00167991292599681,0,0,0.785212556626566,0.707144228523636,1.09386860734302
TCGA-GM-A2DH-01A,0.131500631693281,0,0,0.261792426689992,0,0.426474150785212,0.0652745483112197,0.233669588482064,0.0736857708244162,0,0,0.0382075438285082,0.0171802217249374,0.228885935030107,0.234006406520424,0.17129438911954,0.0544276921771369,0.0203357683095231,0.0894240835952498,0,0,0,0,0.752724522510212,0.721193096258563,2.04615915709161
TCGA-GM-A2DI-01A,0.176303113629439,0,0.096983023361902,0.564495864121568,0,0.624501359862556,0.149321072316702,0,0.0196072885554498,0,0.0872752489473056,0,0.0635931464115122,0.230430548335825,0.278660659207965,0.271296170107123,0.0492393032793763,0,0.128651472648019,0,0,0.0179204202634592,0,0.790837963368769,0.702517911317213,2.7582786910482
TCGA-GM-A3XL-01A,0.00305899846140405,0.00792725730242434,0.1138344226346,0.237222984064567,0,0.123510291788029,0.109583040922416,0.111554202972227,0.039676463213674,0,0.0712850573035911,0.0128955558066741,0.000287834016699016,0.144360615555283,0.180381064246693,0.166033368191891,0.0723465027356359,0.0261582708882926,0.0421004760162339,0,0,0.00999093415141538,0,0.734230784540134,0.742401655595044,1.47220734027175
TCGA-HN-A2NL-01A,0.0337008027526157,0,0.0690415522447066,0.181676198491177,0,0.105807787017591,0.0331048208528289,0.10910150776104,0.0664714470628275,0,0,0.0209137233803168,0,0.210555678762124,0.121965295084677,0.153306150617214,0.00765667535456878,0.000568772312874189,0.0427306232810206,0,0,0,0,0.784119708705785,0.708128172036697,1.15660103497558
TCGA-LL-A441-01A,0.594194863497535,0.0662067763745705,0.0423970178943823,0.28152994189886,0,0.237699131894122,0.099538891108913,0.163780436363745,0.188015287912067,0,0.0418759252038785,0,0,0.385573368341324,0.234711656943053,0.131040358961771,0.0410369775591983,0,0.124858884883896,0,0,0,0,0.773676525960376,0.721820618463008,2.63245951883731
TCGA-LL-A5YO-01A,0.196213791453033,0.0171880857923234,0.11712174099794,0.390303981700985,0,0.130094203042384,0.118946980071413,0.158814209517586,0.185694657329071,0,0.00446686819110539,0.0289776520291838,0.00748542760058254,0.450675060254622,0.313027868980522,0.223284618085362,0.112152553174592,0,0.152714029940818,0,0,0.000380670931957497,0,0.786928114097224,0.714972117605673,2.60754239909348
TCGA-LL-A740-01A,0.0139828642992542,0.00262852306044101,0.0113880720554087,0.0273109410635865,0,0.145251627675206,0.0183492969503614,0.05230271228042,0.0466456069976023,0,0.0160956582234089,0.00399327197190326,0.0136637979270327,0.352277680671363,0.0525005109771643,0.206897007869128,0.0944828635843591,0.0172573345755984,0.0719822981795697,0,0,0.00434787366645521,0,0.809146829449708,0.668879344232419,1.15135794202826
TCGA-OL-A5D6-01A,0.0383696471460372,0,0.0272731278475793,0.0430581733870452,0,0.201331354383415,0,0.035769596892897,0.0187500433401306,0,0.0098238719260754,0.00200265357685496,0.0389939673289072,0.069163796274461,0.0822240563163443,0.200674856272576,0.0307275679086442,0.0082095512185646,0.0872881946234949,0,0,0.00126537508609415,0,0.663308502931287,0.789634531790842,0.894925833529121
TCGA-OL-A5D7-01A,0.0665360725812596,0.0506040322932311,0.0326339915181228,0.27413203264906,0,0.186284790816762,0.14513335736465,0.163322906493069,0.220694035267844,0,0.0481298582897144,0,0.0100835512770336,0.171682204131583,0.274757976410868,0.216438716467334,0.0090056560771785,0.019637621455652,0.0314050235904835,0,0,0.00582299602899461,0,0.504523548632018,0.863570962903902,1.92630482271284
TCGA-OL-A5RW-01A,0,0.0402460184538998,0,0,0,0.122794630690681,0,0.109816138068282,0.0638998983647682,0.0379200939951857,0,0.030471646945309,0.0134918762803164,0.237155393662843,0.147225344522705,0.163984672560021,0.00708147507511804,0.0411937959848704,0.0312522912179302,0,0.00797017488002547,0.00793581544585516,0,0.557059408842662,0.83263255450185,1.06243926614781
TCGA-OL-A66I-01A,0.0461106834763259,0,0.0520254857333432,0.834364106281683,0,0.225399051014967,0.166689699451286,0.152796201477919,0.287182428841258,0,0,0.0237295354473595,0.00155423685130019,0.321214048877196,0.352285799204109,0.148051407846561,0.29208705594339,0.0114635966319782,0.109576522301842,0,0,0.0082210653977527,0,0.763439734191789,0.711351361114753,3.03275092477827
TCGA-OL-A66P-01A,0.0121544596158097,0.0114500264814949,0.203576996511165,0.363004412782846,0,0,0.0275772875797215,0.136623926268494,0.100136512652142,0,0.0527575301997609,0.0347039852804267,0.00674434350825512,0.146079802252065,0.104947890709896,0.183171149338627,0.029841286354624,0,0.071569327612173,0,0,0.00562686547272474,0,0.688814880474404,0.774981202391668,1.48996580262023
TCGA-OL-A6VO-01A,0.0246646859265616,0,0.0165445468792306,0.0983211223108023,0,0.200453502347031,0.0275672612885837,0.157883691777355,0.0579066662018743,0,0,0.0300450982202274,0,0.825009462578537,0.174803467165901,0.147624797122544,0,0.00806688729929914,0.0135147497028152,0,0.00237007668373418,0,0,0.368266145844515,0.952234509705037,1.7847760155045
TCGA-OL-A97C-01A,0.0496821685544025,0,0.0182959641245676,0.292144534743385,0,0.181069386877938,0.0567340639370689,0.114592077761844,0.00938087767565041,0.017025415917517,0.0160428914360129,0,0,0.275988827891021,0.112833090602124,0.225301522478593,0.00135949218472615,0,0.0279644090146133,0,0,0,0,0.710176849003676,0.744076021492858,1.39841472319946
TCGA-S3-AA10-01A,0.0501630886872655,0.0177989383726114,0.132280218636537,0.249875135347931,0,0.205765700707582,0.129203580089198,0.308967358518303,0.139774126343611,0,0,0.156179414805077,0,0.383190369815948,0.354443404218087,0.191831485537101,0.0200702756073075,0.00953138065469807,0.04213328834563,0,0,0.0026971362129392,0,0.633401212567795,0.789740266782761,2.39390490189983
TCGA-S3-AA15-01A,0.123206840405503,0.065493085493024,0.329967876003862,0.147723940153744,0.0125130728546159,0.109971078425999,0.0349413460870499,0.0128728211304569,0.0725330004182039,0,0.00138415254691568,0.0344409948340129,0.0199464938148847,0.171220927259042,0.0701187488234985,0.146245793637558,0.0115132904135389,0.00897593892573298,0.104280937222427,0,0,0.0030611353379869,0,0.707824819378592,0.791737680354629,1.48041147378806
